"部門ID","商品コード","商品名","商品単価","グループコード","商品ID"
"2","4977444995246","ﾊﾏﾅｶ ｱﾐｱﾐｺｯﾄﾝ No. 24","320","ハマナカ","4977444995246"
"2","4977444995208","ﾊﾏﾅｶ ｱﾐｱﾐｺｯﾄﾝ No. 20","320","ハマナカ","4977444995208"
"2","4977444995185","ﾊﾏﾅｶ ｱﾐｱﾐｺｯﾄﾝ No. 18","320","ハマナカ","4977444995185"
"2","4977444995161","ﾊﾏﾅｶ ｱﾐｱﾐｺｯﾄﾝ No. 16","320","ハマナカ","4977444995161"
"2","4977444995130","ﾊﾏﾅｶ ｱﾐｱﾐｺｯﾄﾝ No. 13","320","ハマナカ","4977444995130"
"2","4977444995123","ﾊﾏﾅｶ ｱﾐｱﾐｺｯﾄﾝ No. 12","320","ハマナカ","4977444995123"
"2","4977444995109","ﾊﾏﾅｶ ｱﾐｱﾐｺｯﾄﾝ No. 10","320","ハマナカ","4977444995109"
"2","4977444995093","ﾊﾏﾅｶ ｱﾐｱﾐｺｯﾄﾝ No. 9","320","ハマナカ","4977444995093"
"2","4977444995086","ﾊﾏﾅｶ ｱﾐｱﾐｺｯﾄﾝ No. 8","320","ハマナカ","4977444995086"
"2","4977444995062","ﾊﾏﾅｶ ｱﾐｱﾐｺｯﾄﾝ No. 6","320","ハマナカ","4977444995062"
"2","4977444995055","ﾊﾏﾅｶ ｱﾐｱﾐｺｯﾄﾝ No. 5","320","ハマナカ","4977444995055"
"2","4977444995024","ﾊﾏﾅｶ ｱﾐｱﾐｺｯﾄﾝ No. 2","320","ハマナカ","4977444995024"
"2","4977444995017","ﾊﾏﾅｶ ｱﾐｱﾐｺｯﾄﾝ No. 1","320","ハマナカ","4977444995017"
"2","4977444992313","ﾊﾏﾅｶ ｴｺｸﾗﾌﾄ No. 31","450","ハマナカ","4977444992313"
"2","4977444992306","ﾊﾏﾅｶ ｴｺｸﾗﾌﾄ No. 30","450","ハマナカ","4977444992306"
"2","4977444992290","ﾊﾏﾅｶ ｴｺｸﾗﾌﾄ No. 29","450","ハマナカ","4977444992290"
"2","4977444992283","ﾊﾏﾅｶ ｴｺｸﾗﾌﾄ No. 28","450","ハマナカ","4977444992283"
"2","4977444992276","ﾊﾏﾅｶ ｴｺｸﾗﾌﾄ No. 27","450","ハマナカ","4977444992276"
"2","4977444992269","ﾊﾏﾅｶ ｴｺｸﾗﾌﾄ No. 26","450","ハマナカ","4977444992269"
"2","4977444992214","ﾊﾏﾅｶ ｴｺｸﾗﾌﾄ No. 21","450","ハマナカ","4977444992214"
"2","4977444992207","ﾊﾏﾅｶ ｴｺｸﾗﾌﾄ No. 20","450","ハマナカ","4977444992207"
"2","4977444992184","ﾊﾏﾅｶ ｴｺｸﾗﾌﾄ No. 18","450","ハマナカ","4977444992184"
"2","4977444992160","ﾊﾏﾅｶ ｴｺｸﾗﾌﾄ No. 16","450","ハマナカ","4977444992160"
"2","4977444992153","ﾊﾏﾅｶ ｴｺｸﾗﾌﾄ No. 15","450","ハマナカ","4977444992153"
"2","4977444992146","ﾊﾏﾅｶ ｴｺｸﾗﾌﾄ No. 14","450","ハマナカ","4977444992146"
"2","4977444992139","ﾊﾏﾅｶ ｴｺｸﾗﾌﾄ No. 13","450","ハマナカ","4977444992139"
"2","4977444992122","ﾊﾏﾅｶ ｴｺｸﾗﾌﾄ No. 12","450","ハマナカ","4977444992122"
"2","4977444992115","ﾊﾏﾅｶ ｴｺｸﾗﾌﾄ No. 11","450","ハマナカ","4977444992115"
"2","4977444992108","ﾊﾏﾅｶ ｴｺｸﾗﾌﾄ No. 10","450","ハマナカ","4977444992108"
"2","4977444992092","ﾊﾏﾅｶ ｴｺｸﾗﾌﾄ No. 9","450","ハマナカ","4977444992092"
"2","4977444992085","ﾊﾏﾅｶ ｴｺｸﾗﾌﾄ No. 8","450","ハマナカ","4977444992085"
"2","4977444992061","ﾊﾏﾅｶ ｴｺｸﾗﾌﾄ No. 6","450","ハマナカ","4977444992061"
"2","4977444992054","ﾊﾏﾅｶ ｴｺｸﾗﾌﾄ No. 5","450","ハマナカ","4977444992054"
"2","4977444992030","ﾊﾏﾅｶ ｴｺｸﾗﾌﾄ No. 3","450","ハマナカ","4977444992030"
"2","4977444992023","ﾊﾏﾅｶ ｴｺｸﾗﾌﾄ No. 2","450","ハマナカ","4977444992023"
"2","4977444992016","ﾊﾏﾅｶ ｴｺｸﾗﾌﾄ(ﾍﾞｰｼﾞｭ) No. 1","390","ハマナカ","4977444992016"
"1","4977444789838","ﾊﾏﾅｶ ｿﾉﾓﾉｽｰﾘｰｱﾙﾊﾟｶ No. 83","500","ハマナカ","4977444789838"
"1","4977444789821","ﾊﾏﾅｶ ｿﾉﾓﾉｽｰﾘｰｱﾙﾊﾟｶ No. 82","500","ハマナカ","4977444789821"
"1","4977444789814","ﾊﾏﾅｶ ｿﾉﾓﾉｽｰﾘｰｱﾙﾊﾟｶ No. 81","500","ハマナカ","4977444789814"
"2","4977444773684","ﾊﾏﾅｶ ﾌﾗｯｸｽK No.208","390","ハマナカ","4977444773684"
"2","4977444773585","ﾊﾏﾅｶ ﾌﾗｯｸｽC No.108","390","ハマナカ","4977444773585"
"2","4977444773462","ﾊﾏﾅｶ ﾌﾗｯｸｽK No.207","390","ハマナカ","4977444773462"
"2","4977444773455","ﾊﾏﾅｶ ﾌﾗｯｸｽK No.206","390","ハマナカ","4977444773455"
"2","4977444773448","ﾊﾏﾅｶ ﾌﾗｯｸｽC No.107","390","ハマナカ","4977444773448"
"2","4977444773431","ﾊﾏﾅｶ ﾌﾗｯｸｽC No.106","390","ハマナカ","4977444773431"
"2","4977444773424","ﾊﾏﾅｶ ﾌﾗｯｸｽK No.205","390","ハマナカ","4977444773424"
"2","4977444773370","ﾊﾏﾅｶ ﾌﾗｯｸｽK No.203","390","ハマナカ","4977444773370"
"2","4977444773356","ﾊﾏﾅｶ ﾌﾗｯｸｽK No.201","390","ハマナカ","4977444773356"
"2","4977444773332","ﾊﾏﾅｶ ﾌﾗｯｸｽC No.103","390","ハマナカ","4977444773332"
"2","4977444773318","ﾊﾏﾅｶ ﾌﾗｯｸｽC No.101","390","ハマナカ","4977444773318"
"2","4977444773172","ﾊﾏﾅｶ ﾌﾗｯｸｽK No. 17","390","ハマナカ","4977444773172"
"2","4977444773165","ﾊﾏﾅｶ ﾌﾗｯｸｽK No. 16","390","ハマナカ","4977444773165"
"2","4977444773141","ﾊﾏﾅｶ ﾌﾗｯｸｽK No. 14","390","ハマナカ","4977444773141"
"2","4977444773134","ﾊﾏﾅｶ ﾌﾗｯｸｽK No. 13","390","ハマナカ","4977444773134"
"2","4977444773127","ﾊﾏﾅｶ ﾌﾗｯｸｽK No. 12","390","ハマナカ","4977444773127"
"2","4977444773110","ﾊﾏﾅｶ ﾌﾗｯｸｽK No. 11","390","ハマナカ","4977444773110"
"2","4977444773073","ﾊﾏﾅｶ ﾌﾗｯｸｽC No. 7","390","ハマナカ","4977444773073"
"2","4977444773066","ﾊﾏﾅｶ ﾌﾗｯｸｽC No. 6","390","ハマナカ","4977444773066"
"2","4977444773059","ﾊﾏﾅｶ ﾌﾗｯｸｽC No. 5","390","ハマナカ","4977444773059"
"2","4977444773035","ﾊﾏﾅｶ ﾌﾗｯｸｽC No. 3","390","ハマナカ","4977444773035"
"2","4977444773028","ﾊﾏﾅｶ ﾌﾗｯｸｽC No. 2","390","ハマナカ","4977444773028"
"2","4977444773011","ﾊﾏﾅｶ ﾌﾗｯｸｽC No. 1","390","ハマナカ","4977444773011"
"2","4977444766808","ﾊﾏﾅｶ ｳｵｯｼｭｺｯﾄﾝ<ｸﾛｯｼｪ> No.130","390","ハマナカ","4977444766808"
"2","4977444766792","ﾊﾏﾅｶ ｳｵｯｼｭｺｯﾄﾝ<ｸﾛｯｼｪ> No.129","390","ハマナカ","4977444766792"
"2","4977444766778","ﾊﾏﾅｶ ｳｵｯｼｭｺｯﾄﾝ<ｸﾛｯｼｪ> No.127","390","ハマナカ","4977444766778"
"2","4977444766747","ﾊﾏﾅｶ ｳｵｯｼｭｺｯﾄﾝ<ｸﾛｯｼｪ> No.124","390","ハマナカ","4977444766747"
"2","4977444766730","ﾊﾏﾅｶ ｳｵｯｼｭｺｯﾄﾝ<ｸﾛｯｼｪ> No.123","390","ハマナカ","4977444766730"
"2","4977444766723","ﾊﾏﾅｶ ｳｵｯｼｭｺｯﾄﾝ<ｸﾛｯｼｪ> No.122","390","ハマナカ","4977444766723"
"2","4977444766709","ﾊﾏﾅｶ ｳｵｯｼｭｺｯﾄﾝ<ｸﾛｯｼｪ> No.120","390","ハマナカ","4977444766709"
"2","4977444766686","ﾊﾏﾅｶ ｳｵｯｼｭｺｯﾄﾝ<ｸﾛｯｼｪ> No.118","390","ハマナカ","4977444766686"
"2","4977444766679","ﾊﾏﾅｶ ｳｵｯｼｭｺｯﾄﾝ<ｸﾛｯｼｪ> No.117","390","ハマナカ","4977444766679"
"2","4977444766631","ﾊﾏﾅｶ ｳｵｯｼｭｺｯﾄﾝ<ｸﾛｯｼｪ> No.113","390","ハマナカ","4977444766631"
"2","4977444766617","ﾊﾏﾅｶ ｳｵｯｼｭｺｯﾄﾝ<ｸﾛｯｼｪ> No.111","390","ハマナカ","4977444766617"
"2","4977444766600","ﾊﾏﾅｶ ｳｵｯｼｭｺｯﾄﾝ<ｸﾛｯｼｪ> No.110","390","ハマナカ","4977444766600"
"2","4977444766587","ﾊﾏﾅｶ ｳｵｯｼｭｺｯﾄﾝ<ｸﾛｯｼｪ> No.108","390","ハマナカ","4977444766587"
"2","4977444766549","ﾊﾏﾅｶ ｳｵｯｼｭｺｯﾄﾝ<ｸﾛｯｼｪ> No.104","390","ハマナカ","4977444766549"
"2","4977444766525","ﾊﾏﾅｶ ｳｵｯｼｭｺｯﾄﾝ<ｸﾛｯｼｪ> No.102","390","ハマナカ","4977444766525"
"2","4977444766518","ﾊﾏﾅｶ ｳｵｯｼｭｺｯﾄﾝ<ｸﾛｯｼｪ> No.101","390","ハマナカ","4977444766518"
"2","4977444764163","ﾊﾏﾅｶ ｽﾊﾟﾝｸﾞﾗｽ No. 16","780","ハマナカ","4977444764163"
"2","4977444764125","ﾊﾏﾅｶ ｽﾊﾟﾝｸﾞﾗｽ No. 12","780","ハマナカ","4977444764125"
"2","4977444764064","ﾊﾏﾅｶ ｽﾊﾟﾝｸﾞﾗｽ No. 6","780","ハマナカ","4977444764064"
"2","4977444764057","ﾊﾏﾅｶ ｽﾊﾟﾝｸﾞﾗｽ No. 5","780","ハマナカ","4977444764057"
"2","4977444764033","ﾊﾏﾅｶ ｽﾊﾟﾝｸﾞﾗｽ No. 3","780","ハマナカ","4977444764033"
"2","4977444764019","ﾊﾏﾅｶ ｽﾊﾟﾝｸﾞﾗｽ No. 1","780","ハマナカ","4977444764019"
"1","4977444749757","ﾊﾏﾅｶ ｿﾉﾓﾉﾂｨｰﾄﾞ No. 75","780","ハマナカ","4977444749757"
"1","4977444749740","ﾊﾏﾅｶ ｿﾉﾓﾉﾂｨｰﾄﾞ No. 74","780","ハマナカ","4977444749740"
"1","4977444749733","ﾊﾏﾅｶ ｿﾉﾓﾉﾂｨｰﾄﾞ No. 73","780","ハマナカ","4977444749733"
"1","4977444749726","ﾊﾏﾅｶ ｿﾉﾓﾉﾂｨｰﾄﾞ No. 72","780","ハマナカ","4977444749726"
"1","4977444749719","ﾊﾏﾅｶ ｿﾉﾓﾉﾂｨｰﾄﾞ No. 71","780","ハマナカ","4977444749719"
"1","4977444746657","ﾊﾏﾅｶ ｿﾉﾓﾉｱﾙﾊﾟｶｳｰﾙ<ﾅﾐﾌﾞﾄ> No. 65","580","ハマナカ","4977444746657"
"1","4977444746640","ﾊﾏﾅｶ ｿﾉﾓﾉｱﾙﾊﾟｶｳｰﾙ<ﾅﾐﾌﾞﾄ> No. 64","580","ハマナカ","4977444746640"
"1","4977444746633","ﾊﾏﾅｶ ｿﾉﾓﾉｱﾙﾊﾟｶｳｰﾙ<ﾅﾐﾌﾞﾄ> No. 63","580","ハマナカ","4977444746633"
"1","4977444746626","ﾊﾏﾅｶ ｿﾉﾓﾉｱﾙﾊﾟｶｳｰﾙ<ﾅﾐﾌﾞﾄ> No. 62","580","ハマナカ","4977444746626"
"1","4977444746619","ﾊﾏﾅｶ ｿﾉﾓﾉｱﾙﾊﾟｶｳｰﾙ<ﾅﾐﾌﾞﾄ> No. 61","580","ハマナカ","4977444746619"
"1","4977444689534","ﾊﾏﾅｶ ｿﾉﾓﾉﾙｰﾌﾟ No. 53","700","ハマナカ","4977444689534"
"1","4977444689527","ﾊﾏﾅｶ ｿﾉﾓﾉﾙｰﾌﾟ No. 52","700","ハマナカ","4977444689527"
"1","4977444689510","ﾊﾏﾅｶ ｿﾉﾓﾉﾙｰﾌﾟ No. 51","700","ハマナカ","4977444689510"
"1","4977444687851","ﾊﾏﾅｶ ﾗﾌﾞﾎﾞﾆｰ No.135","330","ハマナカ","4977444687851"
"1","4977444687844","ﾊﾏﾅｶ ﾗﾌﾞﾎﾞﾆｰ No.134","330","ハマナカ","4977444687844"
"1","4977444687837","ﾊﾏﾅｶ ﾗﾌﾞﾎﾞﾆｰ No.133","330","ハマナカ","4977444687837"
"1","4977444687813","ﾊﾏﾅｶ ﾗﾌﾞﾎﾞﾆｰ No.131","330","ハマナカ","4977444687813"
"1","4977444687790","ﾊﾏﾅｶ ﾗﾌﾞﾎﾞﾆｰ No.129","330","ハマナカ","4977444687790"
"1","4977444687776","ﾊﾏﾅｶ ﾗﾌﾞﾎﾞﾆｰ No.127","330","ハマナカ","4977444687776"
"1","4977444687769","ﾊﾏﾅｶ ﾗﾌﾞﾎﾞﾆｰ No.126","330","ハマナカ","4977444687769"
"1","4977444687752","ﾊﾏﾅｶ ﾗﾌﾞﾎﾞﾆｰ No.125","330","ハマナカ","4977444687752"
"1","4977444687745","ﾊﾏﾅｶ ﾗﾌﾞﾎﾞﾆｰ No.124","330","ハマナカ","4977444687745"
"1","4977444687721","ﾊﾏﾅｶ ﾗﾌﾞﾎﾞﾆｰ No.122","330","ハマナカ","4977444687721"
"1","4977444687707","ﾊﾏﾅｶ ﾗﾌﾞﾎﾞﾆｰ No.120","330","ハマナカ","4977444687707"
"1","4977444687691","ﾊﾏﾅｶ ﾗﾌﾞﾎﾞﾆｰ No.119","330","ハマナカ","4977444687691"
"1","4977444687684","ﾊﾏﾅｶ ﾗﾌﾞﾎﾞﾆｰ No.118","330","ハマナカ","4977444687684"
"1","4977444687660","ﾊﾏﾅｶ ﾗﾌﾞﾎﾞﾆｰ No.116","330","ハマナカ","4977444687660"
"1","4977444687653","ﾊﾏﾅｶ ﾗﾌﾞﾎﾞﾆｰ No.115","330","ハマナカ","4977444687653"
"1","4977444687646","ﾊﾏﾅｶ ﾗﾌﾞﾎﾞﾆｰ No.114","330","ハマナカ","4977444687646"
"1","4977444687639","ﾊﾏﾅｶ ﾗﾌﾞﾎﾞﾆｰ No.113","330","ハマナカ","4977444687639"
"1","4977444687622","ﾊﾏﾅｶ ﾗﾌﾞﾎﾞﾆｰ No.112","330","ハマナカ","4977444687622"
"1","4977444687615","ﾊﾏﾅｶ ﾗﾌﾞﾎﾞﾆｰ No.111","330","ハマナカ","4977444687615"
"1","4977444687608","ﾊﾏﾅｶ ﾗﾌﾞﾎﾞﾆｰ No.110","330","ハマナカ","4977444687608"
"1","4977444687592","ﾊﾏﾅｶ ﾗﾌﾞﾎﾞﾆｰ No.109","330","ハマナカ","4977444687592"
"1","4977444687585","ﾊﾏﾅｶ ﾗﾌﾞﾎﾞﾆｰ No.108","330","ハマナカ","4977444687585"
"1","4977444687578","ﾊﾏﾅｶ ﾗﾌﾞﾎﾞﾆｰ No.107","330","ハマナカ","4977444687578"
"1","4977444687561","ﾊﾏﾅｶ ﾗﾌﾞﾎﾞﾆｰ No.106","330","ハマナカ","4977444687561"
"1","4977444687554","ﾊﾏﾅｶ ﾗﾌﾞﾎﾞﾆｰ No.105","330","ハマナカ","4977444687554"
"1","4977444687547","ﾊﾏﾅｶ ﾗﾌﾞﾎﾞﾆｰ No.104","330","ハマナカ","4977444687547"
"1","4977444687530","ﾊﾏﾅｶ ﾗﾌﾞﾎﾞﾆｰ No.103","330","ハマナカ","4977444687530"
"1","4977444687523","ﾊﾏﾅｶ ﾗﾌﾞﾎﾞﾆｰ No.102","330","ハマナカ","4977444687523"
"1","4977444687516","ﾊﾏﾅｶ ﾗﾌﾞﾎﾞﾆｰ No.101","330","ハマナカ","4977444687516"
"1","4977444684683","ﾊﾏﾅｶ ｵﾌｺｰｽ!ﾋﾞｯｸﾞ No.118","670","ハマナカ","4977444684683"
"1","4977444684676","ﾊﾏﾅｶ ｵﾌｺｰｽ!ﾋﾞｯｸﾞ No.117","670","ハマナカ","4977444684676"
"1","4977444684669","ﾊﾏﾅｶ ｵﾌｺｰｽ!ﾋﾞｯｸﾞ No.116","670","ハマナカ","4977444684669"
"1","4977444684638","ﾊﾏﾅｶ ｵﾌｺｰｽ!ﾋﾞｯｸﾞ No.113","670","ハマナカ","4977444684638"
"1","4977444684621","ﾊﾏﾅｶ ｵﾌｺｰｽ!ﾋﾞｯｸﾞ No.112","670","ハマナカ","4977444684621"
"1","4977444684607","ﾊﾏﾅｶ ｵﾌｺｰｽ!ﾋﾞｯｸﾞ No.110","670","ハマナカ","4977444684607"
"1","4977444684591","ﾊﾏﾅｶ ｵﾌｺｰｽ!ﾋﾞｯｸﾞ No.109","670","ハマナカ","4977444684591"
"1","4977444684584","ﾊﾏﾅｶ ｵﾌｺｰｽ!ﾋﾞｯｸﾞ No.108","670","ハマナカ","4977444684584"
"1","4977444684553","ﾊﾏﾅｶ ｵﾌｺｰｽ!ﾋﾞｯｸﾞ No.105","670","ハマナカ","4977444684553"
"1","4977444684539","ﾊﾏﾅｶ ｵﾌｺｰｽ!ﾋﾞｯｸﾞ No.103","670","ハマナカ","4977444684539"
"1","4977444684522","ﾊﾏﾅｶ ｵﾌｺｰｽ!ﾋﾞｯｸﾞ No.102","670","ハマナカ","4977444684522"
"1","4977444684515","ﾊﾏﾅｶ ｵﾌｺｰｽ!ﾋﾞｯｸﾞ No.101","670","ハマナカ","4977444684515"
"1","4977444682498","ﾊﾏﾅｶ ｿﾉﾓﾉｱﾙﾊﾟｶｳｰﾙ No. 49","580","ハマナカ","4977444682498"
"1","4977444682481","ﾊﾏﾅｶ ｿﾉﾓﾉｱﾙﾊﾟｶｳｰﾙ No. 48","580","ハマナカ","4977444682481"
"1","4977444682474","ﾊﾏﾅｶ ｿﾉﾓﾉｱﾙﾊﾟｶｳｰﾙ No. 47","580","ハマナカ","4977444682474"
"1","4977444682467","ﾊﾏﾅｶ ｿﾉﾓﾉｱﾙﾊﾟｶｳｰﾙ No. 46","580","ハマナカ","4977444682467"
"1","4977444682450","ﾊﾏﾅｶ ｿﾉﾓﾉｱﾙﾊﾟｶｳｰﾙ No. 45","580","ハマナカ","4977444682450"
"1","4977444682443","ﾊﾏﾅｶ ｿﾉﾓﾉｱﾙﾊﾟｶｳｰﾙ No. 44","580","ハマナカ","4977444682443"
"1","4977444682436","ﾊﾏﾅｶ ｿﾉﾓﾉｱﾙﾊﾟｶｳｰﾙ No. 43","580","ハマナカ","4977444682436"
"1","4977444682429","ﾊﾏﾅｶ ｿﾉﾓﾉｱﾙﾊﾟｶｳｰﾙ No. 42","580","ハマナカ","4977444682429"
"1","4977444682412","ﾊﾏﾅｶ ｿﾉﾓﾉｱﾙﾊﾟｶｳｰﾙ No. 41","580","ハマナカ","4977444682412"
"1","4977444679153","ﾊﾏﾅｶ ｿﾉﾓﾉ<ﾁｮｳｺﾞｸﾌﾞﾄ> No. 15","630","ハマナカ","4977444679153"
"1","4977444679146","ﾊﾏﾅｶ ｿﾉﾓﾉ<ﾁｮｳｺﾞｸﾌﾞﾄ> No. 14","630","ハマナカ","4977444679146"
"1","4977444679139","ﾊﾏﾅｶ ｿﾉﾓﾉ<ﾁｮｳｺﾞｸﾌﾞﾄ> No. 13","630","ハマナカ","4977444679139"
"1","4977444679122","ﾊﾏﾅｶ ｿﾉﾓﾉ<ﾁｮｳｺﾞｸﾌﾞﾄ> No. 12","630","ハマナカ","4977444679122"
"1","4977444679115","ﾊﾏﾅｶ ｿﾉﾓﾉ<ﾁｮｳｺﾞｸﾌﾞﾄ> No. 11","630","ハマナカ","4977444679115"
"1","4977444679030","ﾊﾏﾅｶ ｿﾉﾓﾉ<ｱｲﾌﾞﾄ> No.  3","630","ハマナカ","4977444679030"
"1","4977444679023","ﾊﾏﾅｶ ｿﾉﾓﾉ<ｱｲﾌﾞﾄ> No.  2","630","ハマナカ","4977444679023"
"1","4977444679016","ﾊﾏﾅｶ ｿﾉﾓﾉ<ｱｲﾌﾞﾄ> No.  1","630","ハマナカ","4977444679016"
"1","4977444678057","ﾊﾏﾅｶ ｿﾉﾓﾉ<ｱｲﾌﾞﾄ> No.  5","630","ハマナカ","4977444678057"
"1","4977444678040","ﾊﾏﾅｶ ｿﾉﾓﾉ<ｱｲﾌﾞﾄ> No.  4","630","ハマナカ","4977444678040"
"1","4977444677432","ﾊﾏﾅｶ ｼﾞｭﾝﾓｳﾁｭｳﾎﾞｿ No. 43","520","ハマナカ","4977444677432"
"1","4977444677418","ﾊﾏﾅｶ ｼﾞｭﾝﾓｳﾁｭｳﾎﾞｿ No. 41","520","ハマナカ","4977444677418"
"1","4977444677401","ﾊﾏﾅｶ ｼﾞｭﾝﾓｳﾁｭｳﾎﾞｿ No. 40","520","ハマナカ","4977444677401"
"1","4977444677395","ﾊﾏﾅｶ ｼﾞｭﾝﾓｳﾁｭｳﾎﾞｿ No. 39","520","ハマナカ","4977444677395"
"1","4977444677388","ﾊﾏﾅｶ ｼﾞｭﾝﾓｳﾁｭｳﾎﾞｿ No. 38","520","ハマナカ","4977444677388"
"1","4977444677364","ﾊﾏﾅｶ ｼﾞｭﾝﾓｳﾁｭｳﾎﾞｿ No. 36","520","ハマナカ","4977444677364"
"1","4977444677340","ﾊﾏﾅｶ ｼﾞｭﾝﾓｳﾁｭｳﾎﾞｿ No. 34","520","ハマナカ","4977444677340"
"1","4977444677333","ﾊﾏﾅｶ ｼﾞｭﾝﾓｳﾁｭｳﾎﾞｿ No. 33","520","ハマナカ","4977444677333"
"1","4977444677326","ﾊﾏﾅｶ ｼﾞｭﾝﾓｳﾁｭｳﾎﾞｿ No. 32","520","ハマナカ","4977444677326"
"1","4977444677319","ﾊﾏﾅｶ ｼﾞｭﾝﾓｳﾁｭｳﾎﾞｿ No. 31","520","ハマナカ","4977444677319"
"1","4977444677302","ﾊﾏﾅｶ ｼﾞｭﾝﾓｳﾁｭｳﾎﾞｿ No. 30","520","ハマナカ","4977444677302"
"1","4977444677296","ﾊﾏﾅｶ ｼﾞｭﾝﾓｳﾁｭｳﾎﾞｿ No. 29","520","ハマナカ","4977444677296"
"1","4977444677289","ﾊﾏﾅｶ ｼﾞｭﾝﾓｳﾁｭｳﾎﾞｿ No. 28","520","ハマナカ","4977444677289"
"1","4977444677272","ﾊﾏﾅｶ ｼﾞｭﾝﾓｳﾁｭｳﾎﾞｿ No. 27","520","ハマナカ","4977444677272"
"1","4977444677265","ﾊﾏﾅｶ ｼﾞｭﾝﾓｳﾁｭｳﾎﾞｿ No. 26","520","ハマナカ","4977444677265"
"1","4977444677241","ﾊﾏﾅｶ ｼﾞｭﾝﾓｳﾁｭｳﾎﾞｿ No. 24","520","ハマナカ","4977444677241"
"1","4977444677227","ﾊﾏﾅｶ ｼﾞｭﾝﾓｳﾁｭｳﾎﾞｿ No. 22","520","ハマナカ","4977444677227"
"1","4977444677197","ﾊﾏﾅｶ ｼﾞｭﾝﾓｳﾁｭｳﾎﾞｿ No. 19","520","ハマナカ","4977444677197"
"1","4977444677180","ﾊﾏﾅｶ ｼﾞｭﾝﾓｳﾁｭｳﾎﾞｿ No. 18","520","ハマナカ","4977444677180"
"1","4977444677173","ﾊﾏﾅｶ ｼﾞｭﾝﾓｳﾁｭｳﾎﾞｿ No. 17","520","ハマナカ","4977444677173"
"1","4977444677128","ﾊﾏﾅｶ ｼﾞｭﾝﾓｳﾁｭｳﾎﾞｿ No. 12","520","ハマナカ","4977444677128"
"1","4977444677111","ﾊﾏﾅｶ ｼﾞｭﾝﾓｳﾁｭｳﾎﾞｿ No. 11","520","ハマナカ","4977444677111"
"1","4977444677104","ﾊﾏﾅｶ ｼﾞｭﾝﾓｳﾁｭｳﾎﾞｿ No. 10","520","ハマナカ","4977444677104"
"1","4977444677081","ﾊﾏﾅｶ ｼﾞｭﾝﾓｳﾁｭｳﾎﾞｿ No.  8","520","ハマナカ","4977444677081"
"1","4977444677050","ﾊﾏﾅｶ ｼﾞｭﾝﾓｳﾁｭｳﾎﾞｿ No.  5","520","ハマナカ","4977444677050"
"1","4977444677043","ﾊﾏﾅｶ ｼﾞｭﾝﾓｳﾁｭｳﾎﾞｿ No.  4","520","ハマナカ","4977444677043"
"1","4977444677036","ﾊﾏﾅｶ ｼﾞｭﾝﾓｳﾁｭｳﾎﾞｿ No.  3","520","ハマナカ","4977444677036"
"1","4977444677029","ﾊﾏﾅｶ ｼﾞｭﾝﾓｳﾁｭｳﾎﾞｿ No.  2","520","ハマナカ","4977444677029"
"1","4977444677012","ﾊﾏﾅｶ ｼﾞｭﾝﾓｳﾁｭｳﾎﾞｿ No.  1","520","ハマナカ","4977444677012"
"2","4977444675186","ﾊﾏﾅｶ ｺｯﾄﾝﾉﾄｯｸ No. 18","340","ハマナカ","4977444675186"
"2","4977444675162","ﾊﾏﾅｶ ｺｯﾄﾝﾉﾄｯｸ No. 16","340","ハマナカ","4977444675162"
"2","4977444675155","ﾊﾏﾅｶ ｺｯﾄﾝﾉﾄｯｸ No. 15","340","ハマナカ","4977444675155"
"2","4977444675148","ﾊﾏﾅｶ ｺｯﾄﾝﾉﾄｯｸ No. 14","340","ハマナカ","4977444675148"
"2","4977444675124","ﾊﾏﾅｶ ｺｯﾄﾝﾉﾄｯｸ No. 12","340","ハマナカ","4977444675124"
"2","4977444675117","ﾊﾏﾅｶ ｺｯﾄﾝﾉﾄｯｸ No. 11","340","ハマナカ","4977444675117"
"2","4977444675100","ﾊﾏﾅｶ ｺｯﾄﾝﾉﾄｯｸ No. 10","340","ハマナカ","4977444675100"
"2","4977444675094","ﾊﾏﾅｶ ｺｯﾄﾝﾉﾄｯｸ No. 9","340","ハマナカ","4977444675094"
"2","4977444675087","ﾊﾏﾅｶ ｺｯﾄﾝﾉﾄｯｸ No. 8","340","ハマナカ","4977444675087"
"2","4977444675070","ﾊﾏﾅｶ ｺｯﾄﾝﾉﾄｯｸ No. 7","340","ハマナカ","4977444675070"
"2","4977444675063","ﾊﾏﾅｶ ｺｯﾄﾝﾉﾄｯｸ No. 6","340","ハマナカ","4977444675063"
"2","4977444675056","ﾊﾏﾅｶ ｺｯﾄﾝﾉﾄｯｸ No. 5","340","ハマナカ","4977444675056"
"2","4977444675049","ﾊﾏﾅｶ ｺｯﾄﾝﾉﾄｯｸ No. 4","340","ハマナカ","4977444675049"
"2","4977444675032","ﾊﾏﾅｶ ｺｯﾄﾝﾉﾄｯｸ No. 3","340","ハマナカ","4977444675032"
"2","4977444675025","ﾊﾏﾅｶ ｺｯﾄﾝﾉﾄｯｸ No. 2","340","ハマナカ","4977444675025"
"2","4977444675018","ﾊﾏﾅｶ ｺｯﾄﾝﾉﾄｯｸ No. 1","340","ハマナカ","4977444675018"
"2","4977444671812","ﾊﾏﾅｶ ﾎﾟｰﾑ<ﾑｸﾜﾀ>ｽｰﾋﾟﾏ No. 81","390","ハマナカ","4977444671812"
"1","4977444660991","ﾊﾏﾅｶ ｴｸｼｰﾄﾞｳｰﾙL No.329","720","ハマナカ","4977444660991"
"1","4977444660984","ﾊﾏﾅｶ ｴｸｼｰﾄﾞｳｰﾙL No.328","720","ハマナカ","4977444660984"
"1","4977444660977","ﾊﾏﾅｶ ｴｸｼｰﾄﾞｳｰﾙL No.327","720","ハマナカ","4977444660977"
"1","4977444660953","ﾊﾏﾅｶ ｴｸｼｰﾄﾞｳｰﾙL No.325","720","ハマナカ","4977444660953"
"1","4977444660946","ﾊﾏﾅｶ ｴｸｼｰﾄﾞｳｰﾙL No.324","720","ハマナカ","4977444660946"
"1","4977444660854","ﾊﾏﾅｶ ｴｸｼｰﾄﾞｳｰﾙL No.315","720","ハマナカ","4977444660854"
"1","4977444660847","ﾊﾏﾅｶ ｴｸｼｰﾄﾞｳｰﾙL No.314","720","ハマナカ","4977444660847"
"1","4977444660823","ﾊﾏﾅｶ ｴｸｼｰﾄﾞｳｰﾙL No.312","720","ハマナカ","4977444660823"
"1","4977444660809","ﾊﾏﾅｶ ｴｸｼｰﾄﾞｳｰﾙL No.310","720","ハマナカ","4977444660809"
"1","4977444660748","ﾊﾏﾅｶ ｴｸｼｰﾄﾞｳｰﾙL No.304","720","ハマナカ","4977444660748"
"1","4977444660724","ﾊﾏﾅｶ ｴｸｼｰﾄﾞｳｰﾙL No.302","720","ハマナカ","4977444660724"
"1","4977444660717","ﾊﾏﾅｶ ｴｸｼｰﾄﾞｳｰﾙL No.301","720","ハマナカ","4977444660717"
"1","4977444660496","ﾊﾏﾅｶ ｴｸｼｰﾄﾞｳｰﾙL No.349","720","ハマナカ","4977444660496"
"1","4977444660489","ﾊﾏﾅｶ ｴｸｼｰﾄﾞｳｰﾙL No.348","720","ハマナカ","4977444660489"
"1","4977444660472","ﾊﾏﾅｶ ｴｸｼｰﾄﾞｳｰﾙL No.347","720","ハマナカ","4977444660472"
"1","4977444660441","ﾊﾏﾅｶ ｴｸｼｰﾄﾞｳｰﾙL No.344","720","ハマナカ","4977444660441"
"1","4977444660427","ﾊﾏﾅｶ ｴｸｼｰﾄﾞｳｰﾙL No.342","720","ハマナカ","4977444660427"
"1","4977444660397","ﾊﾏﾅｶ ｴｸｼｰﾄﾞｳｰﾙL No.339","720","ハマナカ","4977444660397"
"1","4977444660373","ﾊﾏﾅｶ ｴｸｼｰﾄﾞｳｰﾙL No.337","720","ハマナカ","4977444660373"
"1","4977444660366","ﾊﾏﾅｶ ｴｸｼｰﾄﾞｳｰﾙL No.336","720","ハマナカ","4977444660366"
"1","4977444660359","ﾊﾏﾅｶ ｴｸｼｰﾄﾞｳｰﾙL No.335","720","ハマナカ","4977444660359"
"1","4977444660335","ﾊﾏﾅｶ ｴｸｼｰﾄﾞｳｰﾙL No.333","720","ハマナカ","4977444660335"
"1","4977444660311","ﾊﾏﾅｶ ｴｸｼｰﾄﾞｳｰﾙL No.331","720","ハマナカ","4977444660311"
"1","4977444660007","ﾊﾏﾅｶ ｴｸｼｰﾄﾞｳｰﾙL No.330","720","ハマナカ","4977444660007"
"1","4977444659995","ﾊﾏﾅｶ ｴｸｼｰﾄﾞｳｰﾙFL<ｱｲﾌﾞﾄ> No.239","720","ハマナカ","4977444659995"
"1","4977444659988","ﾊﾏﾅｶ ｴｸｼｰﾄﾞｳｰﾙFL<ｱｲﾌﾞﾄ> No.238","720","ハマナカ","4977444659988"
"1","4977444659971","ﾊﾏﾅｶ ｴｸｼｰﾄﾞｳｰﾙFL<ｱｲﾌﾞﾄ> No.237","720","ハマナカ","4977444659971"
"1","4977444659957","ﾊﾏﾅｶ ｴｸｼｰﾄﾞｳｰﾙFL<ｱｲﾌﾞﾄ> No.235","720","ハマナカ","4977444659957"
"1","4977444659940","ﾊﾏﾅｶ ｴｸｼｰﾄﾞｳｰﾙFL<ｱｲﾌﾞﾄ> No.234","720","ハマナカ","4977444659940"
"1","4977444659933","ﾊﾏﾅｶ ｴｸｼｰﾄﾞｳｰﾙFL<ｱｲﾌﾞﾄ> No.233","720","ハマナカ","4977444659933"
"1","4977444659919","ﾊﾏﾅｶ ｴｸｼｰﾄﾞｳｰﾙFL<ｱｲﾌﾞﾄ> No.231","720","ハマナカ","4977444659919"
"1","4977444659902","ﾊﾏﾅｶ ｴｸｼｰﾄﾞｳｰﾙFL<ｱｲﾌﾞﾄ> No.230","720","ハマナカ","4977444659902"
"1","4977444659896","ﾊﾏﾅｶ ｴｸｼｰﾄﾞｳｰﾙFL<ｱｲﾌﾞﾄ> No.229","720","ハマナカ","4977444659896"
"1","4977444659865","ﾊﾏﾅｶ ｴｸｼｰﾄﾞｳｰﾙFL<ｱｲﾌﾞﾄ> No.226","720","ハマナカ","4977444659865"
"1","4977444659858","ﾊﾏﾅｶ ｴｸｼｰﾄﾞｳｰﾙFL<ｱｲﾌﾞﾄ> No.225","720","ハマナカ","4977444659858"
"1","4977444659797","ﾊﾏﾅｶ ｴｸｼｰﾄﾞｳｰﾙFL<ｱｲﾌﾞﾄ> No.219","720","ハマナカ","4977444659797"
"1","4977444659766","ﾊﾏﾅｶ ｴｸｼｰﾄﾞｳｰﾙFL<ｱｲﾌﾞﾄ> No.216","720","ハマナカ","4977444659766"
"1","4977444659759","ﾊﾏﾅｶ ｴｸｼｰﾄﾞｳｰﾙFL<ｱｲﾌﾞﾄ> No.215","720","ハマナカ","4977444659759"
"1","4977444659742","ﾊﾏﾅｶ ｴｸｼｰﾄﾞｳｰﾙFL<ｱｲﾌﾞﾄ> No.214","720","ハマナカ","4977444659742"
"1","4977444659735","ﾊﾏﾅｶ ｴｸｼｰﾄﾞｳｰﾙFL<ｱｲﾌﾞﾄ> No.213","720","ハマナカ","4977444659735"
"1","4977444659711","ﾊﾏﾅｶ ｴｸｼｰﾄﾞｳｰﾙFL<ｱｲﾌﾞﾄ> No.211","720","ハマナカ","4977444659711"
"1","4977444659704","ﾊﾏﾅｶ ｴｸｼｰﾄﾞｳｰﾙFL<ｱｲﾌﾞﾄ> No.210","720","ハマナカ","4977444659704"
"1","4977444659667","ﾊﾏﾅｶ ｴｸｼｰﾄﾞｳｰﾙFL<ｱｲﾌﾞﾄ> No.206","720","ハマナカ","4977444659667"
"1","4977444659650","ﾊﾏﾅｶ ｴｸｼｰﾄﾞｳｰﾙFL<ｱｲﾌﾞﾄ> No.205","720","ハマナカ","4977444659650"
"1","4977444659636","ﾊﾏﾅｶ ｴｸｼｰﾄﾞｳｰﾙFL<ｱｲﾌﾞﾄ> No.203","720","ハマナカ","4977444659636"
"1","4977444659629","ﾊﾏﾅｶ ｴｸｼｰﾄﾞｳｰﾙFL<ｱｲﾌﾞﾄ> No.202","720","ハマナカ","4977444659629"
"1","4977444659612","ﾊﾏﾅｶ ｴｸｼｰﾄﾞｳｰﾙFL<ｱｲﾌﾞﾄ> No.201","720","ハマナカ","4977444659612"
"1","4977444659063","ﾊﾏﾅｶ ｴｸｼｰﾄﾞｳｰﾙFL<ｱｲﾌﾞﾄ> No.246","720","ハマナカ","4977444659063"
"1","4977444659056","ﾊﾏﾅｶ ｴｸｼｰﾄﾞｳｰﾙFL<ｱｲﾌﾞﾄ> No.245","720","ハマナカ","4977444659056"
"1","4977444659032","ﾊﾏﾅｶ ｴｸｼｰﾄﾞｳｰﾙFL<ｱｲﾌﾞﾄ> No.243","720","ハマナカ","4977444659032"
"2","4977444644458","ﾊﾏﾅｶ ﾎﾟｰﾑ<ﾊﾆｿﾞﾒ> No. 45","470","ハマナカ","4977444644458"
"2","4977444644441","ﾊﾏﾅｶ ﾎﾟｰﾑ<ﾊﾆｿﾞﾒ> No. 44","470","ハマナカ","4977444644441"
"2","4977444644434","ﾊﾏﾅｶ ﾎﾟｰﾑ<ﾊﾆｿﾞﾒ> No. 43","470","ハマナカ","4977444644434"
"2","4977444644427","ﾊﾏﾅｶ ﾎﾟｰﾑ<ﾊﾆｿﾞﾒ> No. 42","470","ハマナカ","4977444644427"
"2","4977444644410","ﾊﾏﾅｶ ﾎﾟｰﾑ<ﾊﾆｿﾞﾒ> No. 41","470","ハマナカ","4977444644410"
"2","4977444642218","ﾊﾏﾅｶ ﾎﾟｰﾑ<ﾑｸﾜﾀ>ﾆｯﾄ No. 21","370","ハマナカ","4977444642218"
"2","4977444641112","ﾊﾏﾅｶ ﾎﾟｰﾑ<ﾑｸﾜﾀ>ﾍﾞﾋﾞｰ No. 11","370","ハマナカ","4977444641112"
"2","4977444640016","ﾊﾏﾅｶ ﾎﾟｰﾑ<ﾑｸﾜﾀ>ｸﾛｯｼｪ No. 1","370","ハマナカ","4977444640016"
"1","4977444634114","ﾊﾏﾅｶ ﾙﾅﾓｰﾙ No. 11","690","ハマナカ","4977444634114"
"1","4977444634107","ﾊﾏﾅｶ ﾙﾅﾓｰﾙ No. 10","690","ハマナカ","4977444634107"
"1","4977444634084","ﾊﾏﾅｶ ﾙﾅﾓｰﾙ No.  8","690","ハマナカ","4977444634084"
"1","4977444634077","ﾊﾏﾅｶ ﾙﾅﾓｰﾙ No.  7","690","ハマナカ","4977444634077"
"1","4977444634060","ﾊﾏﾅｶ ﾙﾅﾓｰﾙ No.  6","690","ハマナカ","4977444634060"
"1","4977444634053","ﾊﾏﾅｶ ﾙﾅﾓｰﾙ No.  5","690","ハマナカ","4977444634053"
"1","4977444634039","ﾊﾏﾅｶ ﾙﾅﾓｰﾙ No.  3","690","ハマナカ","4977444634039"
"1","4977444634022","ﾊﾏﾅｶ ﾙﾅﾓｰﾙ No.  2","690","ハマナカ","4977444634022"
"1","4977444634015","ﾊﾏﾅｶ ﾙﾅﾓｰﾙ No.  1","690","ハマナカ","4977444634015"
"1","4977444609327","ﾊﾏﾅｶ ｼﾞｬﾝﾎﾞﾆｰ No. 32","360","ハマナカ","4977444609327"
"1","4977444609310","ﾊﾏﾅｶ ｼﾞｬﾝﾎﾞﾆｰ No. 31","360","ハマナカ","4977444609310"
"1","4977444609303","ﾊﾏﾅｶ ｼﾞｬﾝﾎﾞﾆｰ No. 30","360","ハマナカ","4977444609303"
"1","4977444609280","ﾊﾏﾅｶ ｼﾞｬﾝﾎﾞﾆｰ No. 28","360","ハマナカ","4977444609280"
"1","4977444609273","ﾊﾏﾅｶ ｼﾞｬﾝﾎﾞﾆｰ No. 27","360","ハマナカ","4977444609273"
"1","4977444609204","ﾊﾏﾅｶ ｼﾞｬﾝﾎﾞﾆｰ No. 20","360","ハマナカ","4977444609204"
"1","4977444609174","ﾊﾏﾅｶ ｼﾞｬﾝﾎﾞﾆｰ No. 17","360","ハマナカ","4977444609174"
"1","4977444609167","ﾊﾏﾅｶ ｼﾞｬﾝﾎﾞﾆｰ No. 16","360","ハマナカ","4977444609167"
"1","4977444609150","ﾊﾏﾅｶ ｼﾞｬﾝﾎﾞﾆｰ No. 15","360","ハマナカ","4977444609150"
"1","4977444609143","ﾊﾏﾅｶ ｼﾞｬﾝﾎﾞﾆｰ No. 14","360","ハマナカ","4977444609143"
"1","4977444609136","ﾊﾏﾅｶ ｼﾞｬﾝﾎﾞﾆｰ No. 13","360","ハマナカ","4977444609136"
"1","4977444609129","ﾊﾏﾅｶ ｼﾞｬﾝﾎﾞﾆｰ No. 12","360","ハマナカ","4977444609129"
"1","4977444609112","ﾊﾏﾅｶ ｼﾞｬﾝﾎﾞﾆｰ No. 11","360","ハマナカ","4977444609112"
"1","4977444609105","ﾊﾏﾅｶ ｼﾞｬﾝﾎﾞﾆｰ No. 10","360","ハマナカ","4977444609105"
"1","4977444609099","ﾊﾏﾅｶ ｼﾞｬﾝﾎﾞﾆｰ No.  9","360","ハマナカ","4977444609099"
"1","4977444609082","ﾊﾏﾅｶ ｼﾞｬﾝﾎﾞﾆｰ No.  8","360","ハマナカ","4977444609082"
"1","4977444609075","ﾊﾏﾅｶ ｼﾞｬﾝﾎﾞﾆｰ No.  7","360","ハマナカ","4977444609075"
"1","4977444609068","ﾊﾏﾅｶ ｼﾞｬﾝﾎﾞﾆｰ No.  6","360","ハマナカ","4977444609068"
"1","4977444609051","ﾊﾏﾅｶ ｼﾞｬﾝﾎﾞﾆｰ No.  5","360","ハマナカ","4977444609051"
"1","4977444609037","ﾊﾏﾅｶ ｼﾞｬﾝﾎﾞﾆｰ No.  3","360","ハマナカ","4977444609037"
"1","4977444609020","ﾊﾏﾅｶ ｼﾞｬﾝﾎﾞﾆｰ No.  2","360","ハマナカ","4977444609020"
"1","4977444609013","ﾊﾏﾅｶ ｼﾞｬﾝﾎﾞﾆｰ No.  1","360","ハマナカ","4977444609013"
"2","4977444492288","ﾊﾏﾅｶ ﾌﾞﾘﾘｱﾝ No. 28","820","ハマナカ","4977444492288"
"2","4977444492257","ﾊﾏﾅｶ ﾌﾞﾘﾘｱﾝ No. 25","820","ハマナカ","4977444492257"
"2","4977444492202","ﾊﾏﾅｶ ﾌﾞﾘﾘｱﾝ No. 20","820","ハマナカ","4977444492202"
"2","4977444492165","ﾊﾏﾅｶ ﾌﾞﾘﾘｱﾝ No. 16","820","ハマナカ","4977444492165"
"2","4977444492158","ﾊﾏﾅｶ ﾌﾞﾘﾘｱﾝ No. 15","820","ハマナカ","4977444492158"
"2","4977444492110","ﾊﾏﾅｶ ﾌﾞﾘﾘｱﾝ No. 11","820","ハマナカ","4977444492110"
"2","4977444492066","ﾊﾏﾅｶ ﾌﾞﾘﾘｱﾝ No. 6","820","ハマナカ","4977444492066"
"2","4977444492035","ﾊﾏﾅｶ ﾌﾞﾘﾘｱﾝ No. 3","820","ハマナカ","4977444492035"
"2","4977444492028","ﾊﾏﾅｶ ﾌﾞﾘﾘｱﾝ No. 2","820","ハマナカ","4977444492028"
"1","4977444489202","H.M ｱｸﾘﾙ ｺﾞｸﾌﾞﾄ No. 20","180","ハマナカ","4977444489202"
"1","4977444489196","H.M ｱｸﾘﾙ ｺﾞｸﾌﾞﾄ No. 19","180","ハマナカ","4977444489196"
"1","4977444489189","H.M ｱｸﾘﾙ ｺﾞｸﾌﾞﾄ No. 18","180","ハマナカ","4977444489189"
"1","4977444489172","H.M ｱｸﾘﾙ ｺﾞｸﾌﾞﾄ No. 17","180","ハマナカ","4977444489172"
"1","4977444489165","H.M ｱｸﾘﾙ ｺﾞｸﾌﾞﾄ No. 16","180","ハマナカ","4977444489165"
"1","4977444489158","H.M ｱｸﾘﾙ ｺﾞｸﾌﾞﾄ No. 15","180","ハマナカ","4977444489158"
"1","4977444489141","H.M ｱｸﾘﾙ ｺﾞｸﾌﾞﾄ No. 14","180","ハマナカ","4977444489141"
"1","4977444489134","H.M ｱｸﾘﾙ ｺﾞｸﾌﾞﾄ No. 13","180","ハマナカ","4977444489134"
"1","4977444489127","H.M ｱｸﾘﾙ ｺﾞｸﾌﾞﾄ No. 12","180","ハマナカ","4977444489127"
"1","4977444489110","H.M ｱｸﾘﾙ ｺﾞｸﾌﾞﾄ No. 11","180","ハマナカ","4977444489110"
"1","4977444489103","H.M ｱｸﾘﾙ ｺﾞｸﾌﾞﾄ No. 10","180","ハマナカ","4977444489103"
"1","4977444489097","H.M ｱｸﾘﾙ ｺﾞｸﾌﾞﾄ No.  9","180","ハマナカ","4977444489097"
"1","4977444489080","H.M ｱｸﾘﾙ ｺﾞｸﾌﾞﾄ No.  8","180","ハマナカ","4977444489080"
"1","4977444489073","H.M ｱｸﾘﾙ ｺﾞｸﾌﾞﾄ No.  7","180","ハマナカ","4977444489073"
"1","4977444489066","H.M ｱｸﾘﾙ ｺﾞｸﾌﾞﾄ No.  6","180","ハマナカ","4977444489066"
"1","4977444489059","H.M ｱｸﾘﾙ ｺﾞｸﾌﾞﾄ No.  5","180","ハマナカ","4977444489059"
"1","4977444489042","H.M ｱｸﾘﾙ ｺﾞｸﾌﾞﾄ No.  4","180","ハマナカ","4977444489042"
"1","4977444489035","H.M ｱｸﾘﾙ ｺﾞｸﾌﾞﾄ No.  3","180","ハマナカ","4977444489035"
"1","4977444489028","H.M ｱｸﾘﾙ ｺﾞｸﾌﾞﾄ No.  2","180","ハマナカ","4977444489028"
"1","4977444489011","H.M ｱｸﾘﾙ ｺﾞｸﾌﾞﾄ No.  1","180","ハマナカ","4977444489011"
"1","4977444488205","H.M ｱｸﾘﾙ ﾅﾐﾌﾞﾄ No. 20","180","ハマナカ","4977444488205"
"1","4977444488199","H.M ｱｸﾘﾙ ﾅﾐﾌﾞﾄ No. 19","180","ハマナカ","4977444488199"
"1","4977444488182","H.M ｱｸﾘﾙ ﾅﾐﾌﾞﾄ No. 18","180","ハマナカ","4977444488182"
"1","4977444488175","H.M ｱｸﾘﾙ ﾅﾐﾌﾞﾄ No. 17","180","ハマナカ","4977444488175"
"1","4977444488168","H.M ｱｸﾘﾙ ﾅﾐﾌﾞﾄ No. 16","180","ハマナカ","4977444488168"
"1","4977444488151","H.M ｱｸﾘﾙ ﾅﾐﾌﾞﾄ No. 15","180","ハマナカ","4977444488151"
"1","4977444488144","H.M ｱｸﾘﾙ ﾅﾐﾌﾞﾄ No. 14","180","ハマナカ","4977444488144"
"1","4977444488137","H.M ｱｸﾘﾙ ﾅﾐﾌﾞﾄ No. 13","180","ハマナカ","4977444488137"
"1","4977444488120","H.M ｱｸﾘﾙ ﾅﾐﾌﾞﾄ No. 12","180","ハマナカ","4977444488120"
"1","4977444488113","H.M ｱｸﾘﾙ ﾅﾐﾌﾞﾄ No. 11","180","ハマナカ","4977444488113"
"1","4977444488106","H.M ｱｸﾘﾙ ﾅﾐﾌﾞﾄ No. 10","180","ハマナカ","4977444488106"
"1","4977444488090","H.M ｱｸﾘﾙ ﾅﾐﾌﾞﾄ No.  9","180","ハマナカ","4977444488090"
"1","4977444488083","H.M ｱｸﾘﾙ ﾅﾐﾌﾞﾄ No.  8","180","ハマナカ","4977444488083"
"1","4977444488076","H.M ｱｸﾘﾙ ﾅﾐﾌﾞﾄ No.  7","180","ハマナカ","4977444488076"
"1","4977444488069","H.M ｱｸﾘﾙ ﾅﾐﾌﾞﾄ No.  6","180","ハマナカ","4977444488069"
"1","4977444488052","H.M ｱｸﾘﾙ ﾅﾐﾌﾞﾄ No.  5","180","ハマナカ","4977444488052"
"1","4977444488045","H.M ｱｸﾘﾙ ﾅﾐﾌﾞﾄ No.  4","180","ハマナカ","4977444488045"
"1","4977444488038","H.M ｱｸﾘﾙ ﾅﾐﾌﾞﾄ No.  3","180","ハマナカ","4977444488038"
"1","4977444488021","H.M ｱｸﾘﾙ ﾅﾐﾌﾞﾄ No.  2","180","ハマナカ","4977444488021"
"1","4977444488014","H.M ｱｸﾘﾙ ﾅﾐﾌﾞﾄ No.  1","180","ハマナカ","4977444488014"
"1","4977444460447","ﾊﾏﾅｶ ﾋﾟｯｺﾛ No. 44","260","ハマナカ","4977444460447"
"1","4977444460430","ﾊﾏﾅｶ ﾋﾟｯｺﾛ No. 43","260","ハマナカ","4977444460430"
"1","4977444460423","ﾊﾏﾅｶ ﾋﾟｯｺﾛ No. 42","260","ハマナカ","4977444460423"
"1","4977444460416","ﾊﾏﾅｶ ﾋﾟｯｺﾛ No. 41","260","ハマナカ","4977444460416"
"1","4977444460409","ﾊﾏﾅｶ ﾋﾟｯｺﾛ No. 40","260","ハマナカ","4977444460409"
"1","4977444460393","ﾊﾏﾅｶ ﾋﾟｯｺﾛ No. 39","260","ハマナカ","4977444460393"
"1","4977444460386","ﾊﾏﾅｶ ﾋﾟｯｺﾛ No. 38","260","ハマナカ","4977444460386"
"1","4977444460379","ﾊﾏﾅｶ ﾋﾟｯｺﾛ No. 37","260","ハマナカ","4977444460379"
"1","4977444460362","ﾊﾏﾅｶ ﾋﾟｯｺﾛ No. 36","260","ハマナカ","4977444460362"
"1","4977444460355","ﾊﾏﾅｶ ﾋﾟｯｺﾛ No. 35","260","ハマナカ","4977444460355"
"1","4977444460331","ﾊﾏﾅｶ ﾋﾟｯｺﾛ No. 33","260","ハマナカ","4977444460331"
"1","4977444460324","ﾊﾏﾅｶ ﾋﾟｯｺﾛ No. 32","260","ハマナカ","4977444460324"
"1","4977444460317","ﾊﾏﾅｶ ﾋﾟｯｺﾛ No. 31","260","ハマナカ","4977444460317"
"1","4977444460300","ﾊﾏﾅｶ ﾋﾟｯｺﾛ No. 30","260","ハマナカ","4977444460300"
"1","4977444460294","ﾊﾏﾅｶ ﾋﾟｯｺﾛ No. 29","260","ハマナカ","4977444460294"
"1","4977444460287","ﾊﾏﾅｶ ﾋﾟｯｺﾛ No. 28","260","ハマナカ","4977444460287"
"1","4977444460270","ﾊﾏﾅｶ ﾋﾟｯｺﾛ No. 27","260","ハマナカ","4977444460270"
"1","4977444460263","ﾊﾏﾅｶ ﾋﾟｯｺﾛ No. 26","260","ハマナカ","4977444460263"
"1","4977444460256","ﾊﾏﾅｶ ﾋﾟｯｺﾛ No. 25","260","ハマナカ","4977444460256"
"1","4977444460249","ﾊﾏﾅｶ ﾋﾟｯｺﾛ No. 24","260","ハマナカ","4977444460249"
"1","4977444460232","ﾊﾏﾅｶ ﾋﾟｯｺﾛ No. 23","260","ハマナカ","4977444460232"
"1","4977444460225","ﾊﾏﾅｶ ﾋﾟｯｺﾛ No. 22","260","ハマナカ","4977444460225"
"1","4977444460218","ﾊﾏﾅｶ ﾋﾟｯｺﾛ No. 21","260","ハマナカ","4977444460218"
"1","4977444460201","ﾊﾏﾅｶ ﾋﾟｯｺﾛ No. 20","260","ハマナカ","4977444460201"
"1","4977444460171","ﾊﾏﾅｶ ﾋﾟｯｺﾛ No. 17","260","ハマナカ","4977444460171"
"1","4977444460164","ﾊﾏﾅｶ ﾋﾟｯｺﾛ No. 16","260","ハマナカ","4977444460164"
"1","4977444460140","ﾊﾏﾅｶ ﾋﾟｯｺﾛ No. 14","260","ハマナカ","4977444460140"
"1","4977444460133","ﾊﾏﾅｶ ﾋﾟｯｺﾛ No. 13","260","ハマナカ","4977444460133"
"1","4977444460126","ﾊﾏﾅｶ ﾋﾟｯｺﾛ No. 12","260","ハマナカ","4977444460126"
"1","4977444460102","ﾊﾏﾅｶ ﾋﾟｯｺﾛ No. 10","260","ハマナカ","4977444460102"
"1","4977444460096","ﾊﾏﾅｶ ﾋﾟｯｺﾛ No.  9","260","ハマナカ","4977444460096"
"1","4977444460089","ﾊﾏﾅｶ ﾋﾟｯｺﾛ No.  8","260","ハマナカ","4977444460089"
"1","4977444460072","ﾊﾏﾅｶ ﾋﾟｯｺﾛ No.  7","260","ハマナカ","4977444460072"